"order_id","payment_sequential","payment_type","payment_installments","payment_value"
"b81ef226f3fe1789b1e8b2acac839d17",1.0,"credit_card",8.0,99.33
"a9810da82917af2d9aefd1278f1dcfa0",1.0,"credit_card",1.0,24.39
"25e8ea4e93396b6fa0d3dd708e76c1bd",1.0,"credit_card",1.0,65.71
"ba78997921bbcdc1373bb41e913ab953",1.0,"credit_card",8.0,107.78
"42fdf880ba16b47b59251dd489d4441a",1.0,"credit_card",2.0,128.45
"298fcdf1f73eb413e4d26d01b25bc1cd",1.0,"credit_card",2.0,96.12
"771ee386b001f06208a7419e4fc1bbd7",1.0,"credit_card",1.0,81.16
"3d7239c394a212faae122962df514ac7",1.0,"credit_card",3.0,51.84
"1f78449c87a54faf9e96e88ba1491fa9",1.0,"credit_card",6.0,341.09
"0573b5e23cbd798006520e1d5b4c6714",1.0,"boleto",1.0,51.95
"d88e0d5fa41661ce03cf6cf336527646",1.0,"credit_card",8.0,188.73
"2480f727e869fdeb397244a21b721b67",1.0,"credit_card",1.0,141.9
"616105c9352a9668c38303ad44e056cd",1.0,"credit_card",1.0,75.78
"cf95215a722f3ebf29e6bbab87a29e61",1.0,"credit_card",5.0,102.66
"769214176682788a92801d8907fa1b40",1.0,"credit_card",4.0,105.28
"12e5cfe0e4716b59afb0e0f4a3bd6570",1.0,"credit_card",10.0,157.45
"61059985a6fc0ad64e95d9944caacdad",1.0,"credit_card",1.0,132.04
"79da3f5fe31ad1e454f06f95dc032ad5",1.0,"credit_card",1.0,98.94
"8ac09207f415d55acff302df7d6a895c",1.0,"credit_card",4.0,244.15
"b2349a3f20dfbeef62e7b31baa22f84b",1.0,"credit_card",3.0,136.71
"5a1f6d22f7dfb061ef29216b9af687a1",1.0,"credit_card",4.0,47.69
"4214cda550ece8ee66441f459dc33a8c",1.0,"credit_card",2.0,170.57
"adfbf6c2a620196f9a3ec747491c72b7",1.0,"credit_card",4.0,67.5
"4d680edbaa7d3d9bed69532957368a03",1.0,"credit_card",10.0,353.09
"8cd68144cdb62dc0d60848cf8616d2a4",1.0,"boleto",1.0,330.66
"5cfd514482e22bc992e7693f0e3e8df7",2.0,"voucher",1.0,45.17
"d0a945f85ba1074b60aac97ade7e240e",1.0,"credit_card",2.0,541.0
"c39414c195d0f94c9d9c35e7c6ed4f1a",1.0,"credit_card",2.0,139.22
"5d9c5817e278892b7498d90bfa28ade8",1.0,"credit_card",2.0,290.16
"b69b9260e79a0da00e15f48de1bd2524",1.0,"boleto",1.0,283.34
"f45074ae38f2e01d9b854ec8d40362ff",1.0,"credit_card",1.0,13.78
"81cedc4d2132eb6f512354166e51b187",1.0,"credit_card",1.0,30.28
"595f598849d89203c28d05d0fbf3f92e",1.0,"credit_card",1.0,26.58
"f9d0ec2fa088ac583e1ccd15b6686073",1.0,"credit_card",1.0,89.68
"e647bf617de735448a4ba54f8910393c",1.0,"credit_card",1.0,65.09
"b2bb080b6bc860118a246fd9b6fad6da",1.0,"credit_card",1.0,173.84
"23f10f509600c30cf2852f9dbdf28fc3",1.0,"credit_card",1.0,103.49
"f86f6472fa9f395d8d9a6751ca118afb",1.0,"credit_card",1.0,64.03
"1dcf0c8cd36ffaf57784fbdc90079310",1.0,"credit_card",3.0,157.15
"00d8d65b666158b633f96054d31af43b",1.0,"boleto",1.0,130.88
"cf30fe76d1505192acee1c6dccb15545",1.0,"credit_card",2.0,47.72
"d3e774a185c0b1b2286ffd6c70abe2e6",1.0,"credit_card",8.0,117.74
"32b1d8f3789a57f1f752e20ac7404b4c",1.0,"boleto",1.0,56.6
"c10d412026c4077b8e83acf0fea04eee",1.0,"credit_card",1.0,266.16
"56c3277583e16009c925fdf116df420f",1.0,"boleto",1.0,31.38
"0e0441786430b7cfcd0d91f822ea4c99",1.0,"credit_card",1.0,121.49
"6ffb3f1686bceae3466facf7e02ce3fb",1.0,"credit_card",1.0,32.0
"afef48d3c8a0b1b7c9b7f8f922fb5674",1.0,"credit_card",5.0,153.41
"c0db7d31ace61fc360a3eaa34dd3457c",1.0,"credit_card",5.0,65.71
"d574338f566ca28dd67820f48ec1f1d8",1.0,"credit_card",4.0,278.22
"1807cc736321f14baa58ef39cf6e5989",1.0,"credit_card",4.0,91.66
"e8977f709bbb0367f51b589e6325f991",1.0,"credit_card",1.0,132.51
"2e2c60b99754ae1e4d8b18846cfec9f2",1.0,"credit_card",4.0,542.66
"1ffb3c1929b16d9c1aec1958e11b3e9b",1.0,"boleto",1.0,166.04
"95442deb81a5d91c97c0df96b431634a",1.0,"boleto",1.0,368.98
"10af96a0689260134307879127ac1952",1.0,"credit_card",2.0,113.2
"85eef2d342b0de363c45c1bc324729c5",1.0,"credit_card",3.0,99.43
"aa964845f1de8125410aea8b73e9e1ec",1.0,"credit_card",2.0,27.35
"343348b1e29e9fa9e7b6ab1027f9177d",1.0,"credit_card",4.0,43.77
"ad4098a257676ea4d394fb3bbbf36ca3",1.0,"credit_card",2.0,68.49
"3e0c3cab458e8b3cc8d1d38ecb7e7775",1.0,"credit_card",2.0,105.53
"3ab4eea6776259ae8dfbabaeffece352",1.0,"credit_card",8.0,387.8
"10d9871bed9fb8d0887d3b9022edd1ff",1.0,"boleto",1.0,84.14
"c108072ab31ec90a754129c171577f5f",1.0,"credit_card",4.0,210.82
"fc662bafa52d2ef16078f6f6141009d6",1.0,"boleto",1.0,90.05
"4217849b1ff18a9270fe048eabc4dc45",1.0,"credit_card",1.0,67.88
"795c16acb4e3c30dfa5b6827727ef488",1.0,"credit_card",2.0,37.58
"55e2d723733c45033e71cb4d44690234",1.0,"boleto",1.0,89.63
"947e9c6bfd83a06953c420ef92d3da6e",1.0,"voucher",1.0,69.46
"60e43c5f5ba559d9dd19357ed72cb2f2",1.0,"credit_card",2.0,78.3
"e3e9e3295f4e1512167c232a0aaae8a5",1.0,"voucher",1.0,50.8
"460d57443ffdcaeba240360239747cf7",1.0,"credit_card",1.0,34.0
"4cb51127f19f7254b320efe1718477dd",1.0,"boleto",1.0,77.1
"110d9355d6338eab0a65a0cacdde5434",1.0,"credit_card",5.0,566.4
"42f5954cda381bd032934ee38c453711",1.0,"credit_card",8.0,402.42
"3689194c14ad4e2e7361ebd1df0e77b0",2.0,"voucher",1.0,57.53
"97c111c4f22dfa1089a9c0b5338dcc79",1.0,"credit_card",3.0,44.01
"4b2d035932915aa9c2a0d4d84cd6d3b0",1.0,"credit_card",3.0,187.51
"e1b4ee0e390fbac1dec439d72b45a115",1.0,"credit_card",3.0,77.7
"fee72a68ce935ebf2939fe72f27d3d9b",1.0,"credit_card",1.0,48.68
"4d3bfdf4c7d6578ea445d588371ae10e",1.0,"credit_card",1.0,77.29
"4c2e1a95586c815795a324d1599e7b5a",1.0,"credit_card",8.0,117.71
"c9f23db8a1cb725df9bdb3383bd72b38",1.0,"credit_card",3.0,169.34
"8e47a04b25d7a7075064e8e0bd2e0318",1.0,"credit_card",1.0,37.61
"723e462ce1ee50e024887c0b403130f3",1.0,"credit_card",1.0,13.8
"fa2ea4b6e84c1c0fc4f3a6d468c55183",1.0,"debit_card",1.0,227.12
"fb1a2a1296f822405a946cbdfc0d3ed6",1.0,"credit_card",3.0,34.78
"198298d54f269d8c5fe89e85a859af61",1.0,"credit_card",10.0,342.56
"b19ca559688b49e8cf7f88c1aa3f0009",1.0,"credit_card",7.0,73.34
"5be8d4719fe2e3669e2d07dddf3b6b0c",1.0,"credit_card",4.0,117.85
"4a02e985c7239d866a632f07ed20d9c0",1.0,"credit_card",1.0,48.62
"3e17eef8a8bd0131c7aed90d7508799e",1.0,"credit_card",1.0,53.99
"f8d323a2702fed37f0229965f7e9f8b3",1.0,"credit_card",1.0,51.14
"de4090fd9b7900d46323b0c7c36b7128",1.0,"credit_card",2.0,121.45
"17e5131fe1d4b1a8dc14d4a66914f9d7",1.0,"credit_card",1.0,73.34
"20f136d890c31a62486c809f91a5b098",1.0,"credit_card",10.0,117.68
"557cc2675910c4a6c9b54ad276f25097",1.0,"credit_card",1.0,56.77
"d60a89ab9bc1e68834465ae630c3343e",1.0,"credit_card",2.0,115.59
"3ba2d0012b1f34bc6ccbc31c4ba69f93",1.0,"credit_card",6.0,60.07
"d46f45b0d795bcf47a19d301710e63fe",1.0,"credit_card",1.0,27.27
"96de2b7f7f3c401fbee3eef068376da6",1.0,"boleto",1.0,32.15
"f9d5bfb53147f381e81b89a848e26b16",1.0,"credit_card",3.0,195.71
"21b8b46679ea6482cbf911d960490048",2.0,"voucher",1.0,43.12
"e6670c9089973cc68e5b90b7d1f4fec4",1.0,"credit_card",1.0,88.49
"85a4fbdba48c815924115fb82330071c",1.0,"credit_card",3.0,34.09
"35525be13c4af8acae0bb6d13c27110d",1.0,"credit_card",1.0,40.99
"46ee6eaca194413758f200a6974b7e4d",1.0,"credit_card",3.0,71.99
"f49cd89d6dad6dd5759ecf15dfe4bb19",1.0,"boleto",1.0,47.0
"9acd1ccfbc6445c0cad9ee9ddb48054c",1.0,"credit_card",3.0,81.78
"83f24bbc4f76a2730ba9c9cfa32e6d07",1.0,"credit_card",3.0,231.45
"0b65284a1a74114ea029b7676fdc1ba3",1.0,"credit_card",7.0,144.2
"cf61ad2218e5c14397e7c0ba7a6a50f9",1.0,"debit_card",1.0,35.14
"243312dbb316253ab77bb0140d94803c",1.0,"credit_card",10.0,285.79
"8973a53fcad22a79e0ff315e7f9a0fd9",1.0,"credit_card",2.0,176.7
"f090de1b2ed9f4e251662cb31e3c7127",1.0,"credit_card",2.0,27.63
"2ccde1e4676c20b9444e2bcbed36334c",1.0,"credit_card",8.0,134.56
"0f4b5614da144989e2acc5291af24357",1.0,"credit_card",4.0,96.98
"1d92d2ce1ae2e0510b5ce50c5be578c6",1.0,"credit_card",2.0,110.03
"a490a5d59a9bf4ef3334bfd7cf1dbdfc",1.0,"credit_card",1.0,17.78
"60ead11db6b36221fe1424e330883a9a",1.0,"credit_card",1.0,44.0
"c51dcdd98e1c413f3d394ffcb4656ed1",1.0,"credit_card",4.0,110.11
"ea9184ad433a404df1d72fa0a8764232",4.0,"voucher",1.0,22.49
"8f936fb77c720ab9ccd618af38c885cc",1.0,"credit_card",4.0,46.63
"0fba53cb4e9429e38cd2750c32fa24a5",1.0,"boleto",1.0,52.21
"cdaa116d3c2521b4b6976043508d0943",1.0,"credit_card",2.0,61.77
"68d7420c86be23f313c81a554320f986",1.0,"boleto",1.0,121.88
"a5f860aaf6a3c35399495aefe92d363f",1.0,"credit_card",1.0,75.75
"f51e3c7f79d1e2c076acbb6af1588b95",1.0,"credit_card",1.0,130.22
"9184724aacd6a7da5bcf4c08c2c674a8",1.0,"credit_card",3.0,57.53
"8bdc559b124e47eb71b5d1be8d6675e4",1.0,"credit_card",7.0,76.02
"49d3db2a02106c24d6ef800bd8ad5546",1.0,"boleto",1.0,90.17
"c604ad5f1e0d0bcf9977cf46d1d72303",1.0,"credit_card",1.0,31.0
"859980aae511377b7230f72d90bfc580",1.0,"credit_card",10.0,106.77
"e2cd740333fe4585ead5c50c61edb6a5",1.0,"voucher",1.0,163.25
"55779fa8fe072d9f8c92d672154558f2",1.0,"boleto",1.0,233.66
"99bc267f49d76932cd195bfb2a94dd03",1.0,"credit_card",1.0,163.08
"0c99132c4ff916416ba8f74c378f1cbc",1.0,"credit_card",4.0,135.93
"66a4fa2d40fed98c34ced62496fdb1e7",1.0,"credit_card",1.0,267.05
"db43c1a570e28fe9da60a444e3616a2b",1.0,"credit_card",7.0,186.72
"82ffe097d8ddbf319a523b9bbe7725d5",2.0,"voucher",1.0,30.0
"f75666bf6c9e09f6b3f4bcd797b57a3c",1.0,"credit_card",4.0,97.28
"5e5d1342989d05440629e2162fa52d07",1.0,"credit_card",1.0,48.61
"14d9794bbb53614d12cc2df6a045f82b",1.0,"boleto",1.0,116.7
"a8c012ba7d95bd2d15f666681f19c146",1.0,"credit_card",1.0,41.42
"31f8013402a0749b3ab433b1aee11754",1.0,"boleto",1.0,42.19
"4f99d1a7b0d2308edf45baa6997ac961",1.0,"credit_card",6.0,125.53
"ca8f94a99a8120c559e416275a535066",1.0,"credit_card",5.0,92.76
"9bdcb4559b75d21a22fcd868d9e5dfec",1.0,"credit_card",8.0,348.02
"96cc8c42014ddb42a775da9a45ae3f76",1.0,"credit_card",2.0,203.3
"87f003dca70d4d22518366caf041e845",1.0,"credit_card",3.0,44.35
"f244841f5a461472de8de82f023b1371",1.0,"credit_card",10.0,116.05
"3597f6476c27b4e1cc2f58588116f8f5",1.0,"boleto",1.0,85.14
"242e24b7eaa9f48cde9d679f8591124d",1.0,"credit_card",4.0,236.66
"18259631aab7299bf25f83f5eac4c8d1",1.0,"credit_card",4.0,220.3
"14c0c0bebe2cd50fb1dbdee84fbae03a",1.0,"credit_card",1.0,180.55
"3b697a20d9e427646d92567910af6d57",1.0,"boleto",1.0,45.46
"55c0b6b41ce482c3f77407ef43fc6bad",1.0,"boleto",1.0,26.08
"53035288acc866ee15423b4293722b46",1.0,"credit_card",1.0,375.74
"845af9472cc76e66fbf445931b511755",1.0,"credit_card",5.0,123.41
"953b6636ab2347a8ba37a16770db47f9",1.0,"credit_card",10.0,379.07
"886b114d034f4ac1d39d964c1b2a8182",1.0,"credit_card",10.0,2027.16
"c61e3efc183db6b89f5556efb5aa8797",1.0,"credit_card",1.0,45.5
"2d1d5777f29a8ee6593cf90b85afb5b6",1.0,"credit_card",1.0,91.17
"aa600269bffea363cca75ad2d1908903",1.0,"boleto",1.0,93.26
"487c1451b8fd7347d0e80e5aca887e91",2.0,"voucher",1.0,30.0
"0a9716da94d89975e6637874280aadad",1.0,"credit_card",10.0,165.96
"65c863d90026e9dd4888e28d2135c983",2.0,"voucher",1.0,50.0
"62d9b911d7c56cf455f660eecb8ddd3a",1.0,"credit_card",10.0,1002.73
"279cc62fe9c5a9e6a7ad5a7536560944",1.0,"boleto",1.0,116.56
"e6ed38386107802a72ec8197195f79a7",1.0,"credit_card",2.0,240.52
"4a4ed9ed7922304a569ed850baba99c6",1.0,"credit_card",3.0,33.13
"3f5a1c29c5881cc9902ed702efbdde45",1.0,"credit_card",1.0,213.9
"1594012ccc1b0770373ce691d697e5ae",1.0,"credit_card",8.0,362.17
"2fe14af1d4563c0e76f382bc63c9a245",1.0,"credit_card",2.0,88.72
"bc3d816db1aa7215dbde5b1b00d3d32b",1.0,"credit_card",2.0,46.85
"67c8c2016ddabf0059783eb44e921f99",1.0,"boleto",1.0,68.54
"07d13d352c85dfbfa60dc56dea818335",1.0,"boleto",1.0,32.62
"b545ba7b0bd67a3128185c7214704319",1.0,"credit_card",8.0,340.08
"9d8065ae4c6f5725ee052d02ab00f64e",1.0,"boleto",1.0,82.06
"d9d104af1ea99e0b7f6b0644eedc74d0",1.0,"credit_card",1.0,40.95
"9e59025992bd64bc26551391ed44a450",1.0,"credit_card",3.0,67.01
"591083bc42b589c7052118aa83118e76",5.0,"voucher",1.0,20.0
"79b63d1f9cf0257b33b04fbfb0847cba",2.0,"voucher",1.0,76.9
"7327c30a5230ce07bc2c7a695d553a00",1.0,"credit_card",4.0,40.27
"3b9e43d6eba694f8a29c11ee67a04f2c",1.0,"credit_card",8.0,242.1
"1e6d912e4c63965bb9eccf0cc765fc24",1.0,"boleto",1.0,207.24
"57e4fc8f20507381b3f7abbe4e2ccda3",1.0,"credit_card",2.0,215.56
"d4fdb2be174c84a6409a3968c55b01c5",1.0,"credit_card",1.0,39.92
"e1b6234c322ab01a32771bf57c597043",1.0,"credit_card",8.0,156.09
"03afb3c10af52ddfa3c33b9881bf43f8",1.0,"credit_card",2.0,131.5
"c1b770015e27aaf2b475026989d04fe0",1.0,"boleto",1.0,137.73
"1a9b986cfe31ed59c5a6c00287db7e74",1.0,"credit_card",1.0,31.75
"66f249e4d7ab2f3872de7bd6d74719dd",1.0,"credit_card",8.0,348.77
"c79bdf061e22288609201ec60deb42fb",1.0,"credit_card",1.0,12.22
"648b4f683ccf074ebe65a73c8096dd18",1.0,"credit_card",4.0,139.87
"02951078a21a2d9341ea16089a4d5031",1.0,"credit_card",12.0,257.1
"afd0dbbab8e90d099aaccdd8ed7d5f26",1.0,"credit_card",3.0,269.46
"2ad6c6594bf0917a25ff8b8918d4b7b0",1.0,"credit_card",1.0,40.0
"774359a2a8b6be829653bae9390a0dd0",1.0,"credit_card",10.0,350.09
"332c6742772f2df936696b6512b10edb",2.0,"credit_card",6.0,134.55
"c385c0eba07c858dd60ffe00a60dda64",1.0,"credit_card",3.0,112.73
"d087b8e096ca051f548e29b324272834",1.0,"boleto",1.0,72.05
"5262eaeb971616ffef822379ed91896f",1.0,"credit_card",1.0,0.67
"52636dd3c039f62169b0eb724af63047",1.0,"credit_card",2.0,77.77
"aa7c35fd606f4275e267e859c6a84d0f",1.0,"credit_card",2.0,26.68
"caca64f71d73695719939294fa88c791",1.0,"credit_card",1.0,371.42
"fd1ddfeca967b94315642dfe5c7545f7",1.0,"credit_card",6.0,225.71
"fa12564d7462c9a851c79c301bcb97de",1.0,"credit_card",3.0,103.79
"9c96fac210f67f329b80d898001fee09",1.0,"boleto",1.0,65.0
"85e710051891004eca4f527adcadd0c3",2.0,"voucher",1.0,69.8
"11978d520d85578c9f024b99ac1a87ef",2.0,"voucher",1.0,20.09
"9062b998bfc2521b3978b34034ba6e1e",1.0,"credit_card",1.0,125.41
"31be75ffd0c4b58ca777e72cd2352b14",1.0,"boleto",1.0,95.99
"999d0185fdc3859e118a76c1e7d8dfe4",1.0,"credit_card",2.0,25.33
"6cdb86865449a92089579ea715e1c1d1",1.0,"credit_card",1.0,52.57
"50bf77081d0fdd2e57dcff0acf8fefeb",1.0,"credit_card",2.0,145.58
"d121cbcb7091fbd55ad0344e0f045982",1.0,"credit_card",3.0,49.7
"37fc44460574b368fe7933c6ae98f224",1.0,"credit_card",1.0,47.43
"3fff175860497ca456d60c90b1f2b797",1.0,"credit_card",2.0,168.57
"ae1126b6891f58552443772c80b1f562",1.0,"credit_card",1.0,133.81
"d56564f21e612a588607e9ffb39b9d21",2.0,"voucher",1.0,1.23
"068176c8a0550b07cddf7e05c8d55319",1.0,"boleto",1.0,123.82
"9488305b52042a978d3bf78cf94bcd54",1.0,"credit_card",3.0,283.66
"7a1ba14765ea354929894e667c06f386",1.0,"credit_card",1.0,89.88
"4b5648d8399ea47a4c323499045aaefc",1.0,"boleto",1.0,32.38
"52b5d339bbba7bd8f18ca836ab540227",1.0,"credit_card",1.0,43.08
"3a1a92434eae60a4f44ad7ebef65c3e7",1.0,"credit_card",1.0,254.58
"dc400373e624e9b0435847a79813c658",2.0,"voucher",1.0,48.91
"9f1cdc0e091b90e61836ddc009a60ef2",1.0,"credit_card",4.0,48.22
"d9952ada4955694cae66806b7d5ac6ca",1.0,"credit_card",6.0,67.58
"251d586514cbf0cace61e03c54a7bf1c",1.0,"credit_card",10.0,311.18
"0435b65bfd0a1cd1c48a82f5b405ea78",1.0,"credit_card",4.0,154.14
"6644170ea0130942cfb3064dce01004a",1.0,"credit_card",2.0,333.68
"7c3e71109e904d8e0c8d034456f87eca",1.0,"boleto",1.0,404.88
"881206af1a6a9cd34119b99782759dd4",1.0,"boleto",1.0,44.77
"f86d7bc39aab05299691322044b63bb2",1.0,"voucher",1.0,1302.42
"5f082a502d1fd6f19d32897c2c2cbcec",1.0,"credit_card",10.0,645.8
"27a7ac440630f9de788e4d66e72c6424",1.0,"credit_card",1.0,186.39
"cc1cc1d6081f7f07a16cc1a3e4ba0b78",1.0,"credit_card",10.0,208.41
"76b8568803f110a59ece4167463a4a7e",1.0,"debit_card",1.0,76.39
"51e88bc351dd268bb9c9e78d263c4a06",1.0,"credit_card",2.0,67.42
"a5b431090739891ac76875d9ad9bff23",1.0,"credit_card",4.0,232.05
"ad62ce74c314772d34c956d73fb305f3",1.0,"boleto",1.0,69.33
"a669137c06cc23b7962d63be3a2ad6d1",1.0,"credit_card",3.0,641.2
"da46439d7d06cf02cb44d0908ecc3575",1.0,"boleto",1.0,41.86
"d24e8541128cea179a11a65176e0a96f",1.0,"voucher",1.0,50.0
"1c67e99dc37224bf3ad220ae2368c068",1.0,"credit_card",1.0,106.96
"4ff8e28200e5a7a50b448cfaaf1f8ed3",1.0,"credit_card",10.0,2288.31
"33ebbe6b176d53190194b5b05cf69330",1.0,"boleto",1.0,69.9
"2176f1406c11f07dcdea94931730770d",1.0,"boleto",1.0,88.08
"08935d5052c6414b1960eb67796d01f5",1.0,"credit_card",4.0,117.39
"f553b61e2a7f6dc62c5f8de4ffb4a031",1.0,"debit_card",1.0,194.91
"1966886b80f14d0588adf6406afb0026",1.0,"debit_card",1.0,68.89
"f6ed483455295c6e7544f141244cd981",1.0,"credit_card",2.0,151.51
"bf951e41c5adb873b7fdcc1e83b406bf",1.0,"credit_card",1.0,54.85
"32d8aa395f9c9f357e1e3f7b214b9082",1.0,"credit_card",1.0,103.68
"b798fc527c548bfa5f069b5b29195275",1.0,"debit_card",1.0,225.63
"6c936253ed9ab81f5293da5081ba8a9a",1.0,"boleto",1.0,39.6
"dcec2b3be8c3d53056fe63381b2a6cfe",1.0,"credit_card",10.0,159.18
"90eaac01afdf4e531a70ad869e092c75",1.0,"credit_card",1.0,234.43
"a04639b53f2cbd1f77b63ed44168566e",1.0,"boleto",1.0,44.83
"97e8d3eb8f48e3610beed991e5f32296",1.0,"credit_card",4.0,205.44
"7cb79316d2abe37e16ec83a07afb2895",1.0,"credit_card",1.0,13.55
"7250e10eca3d7f71a091ac5752d3228f",1.0,"credit_card",1.0,221.96
"cf8ace9395d2ee06b4b513df8ba682b3",1.0,"credit_card",1.0,52.38
"101fa9bbc869f267953a48b0f659dc62",1.0,"credit_card",9.0,131.47
"24abd231b3f48073eb9bc660b3eea5fd",1.0,"credit_card",2.0,38.06
"bedff73fa5a137527ba9314cac93b7b3",2.0,"voucher",1.0,35.0
"808c4b75909ba91f23c1ef928f396822",1.0,"credit_card",3.0,143.65
"c1310d06e793969c9dfc72a433db577f",1.0,"credit_card",3.0,86.73
"9144181fd06902570ce9c34860652f55",1.0,"credit_card",5.0,118.35
"d189b98b9c4f5325db664c5455fe927c",1.0,"credit_card",1.0,341.58
"2e2dd1119ebf597a9c05d80b5d6eeace",1.0,"credit_card",2.0,105.42
"7354aed5e2d142803a8121059f1e9324",1.0,"credit_card",4.0,68.16
"ab85e3c92c828eb802fd91345e45d92e",1.0,"credit_card",10.0,357.97
"b80ba0f0c3d2a63feac0116f533cc6a9",3.0,"voucher",1.0,2.99
"f0d8a84693b073fa90c69667c924ff8f",1.0,"boleto",1.0,92.57
"35bf7f86bc7add201e5b6573052157f0",1.0,"credit_card",2.0,68.35
"56ba89857b4e6eb192108f310a81163b",1.0,"credit_card",13.0,197.23
"0f67e615d797da223ac5601b9b08b180",1.0,"credit_card",3.0,153.67
"440a666da55232dbd02bb270c7ac7d8c",1.0,"credit_card",3.0,46.43
"57bfb7a49bcdecb20d9dbb778d7d7590",1.0,"credit_card",4.0,102.03
"f6eb6190398bfb32871584bd111dec04",1.0,"credit_card",5.0,119.45
"6b58f3523e45f9838f702acbc21e2f51",1.0,"credit_card",1.0,44.23
"210a5f61a6a19892f81bb269863f4742",1.0,"credit_card",1.0,67.5
"009ac365164f8e06f59d18a08045f6c4",5.0,"voucher",1.0,8.75
"f1b7c83171b22e2babd61eb8501d58d5",1.0,"credit_card",2.0,44.27
"bb2d7e3141540afc268df7ef6580fc75",1.0,"credit_card",1.0,37.15
"1f31fc163d36ff823c54a14e947b5bc8",1.0,"credit_card",2.0,114.13
"d4c46523b1239f182b74fb0ea1c27f32",1.0,"credit_card",1.0,396.97
"88857d91dc3370190060f4b06041e708",1.0,"credit_card",10.0,185.85
"73596e67516934a7fe64cc6ca6d75545",1.0,"credit_card",3.0,62.11
"e9da0d015d8dbc78a000c0b78cc87728",1.0,"credit_card",2.0,25.23
"e6f98f32bf5e724269a5e9cb2529f2e3",1.0,"credit_card",5.0,153.22
"acd76a8508680cbb5d4c04707be03f87",1.0,"debit_card",1.0,145.01
"aeb81ccabe4f164a26e763cd5b07fd99",1.0,"boleto",1.0,70.89
"d51cbac21a49941976292ba004bf4165",1.0,"credit_card",6.0,114.34
"edb14cad806f8ea19a08ed06c26726a2",1.0,"credit_card",2.0,31.38
"6225c94031a1e372349fa17f1891317d",1.0,"credit_card",5.0,256.5
"c8e19a0edcf6fd34024a2f7fe5f85ef8",1.0,"boleto",1.0,341.4
"984c8458b4e17a487d85b16c9ce0f00c",1.0,"credit_card",1.0,143.99
"29aefbcf33949b65e5303167977e0362",1.0,"voucher",1.0,84.88
"ec5cf2317f5141a62836da8e71586eb6",1.0,"credit_card",8.0,232.27
"3ba1ccc3882bd7df61ee5030f44ec1d2",1.0,"credit_card",5.0,194.0
"5b2f1ff03b77977af4258e7cfc2ec799",1.0,"credit_card",1.0,260.57
"490f30e8fa50cb3ef01058c9ab43048d",1.0,"credit_card",1.0,49.59
"191a21c0a0934fdb7dcd56c6b28a8682",1.0,"credit_card",3.0,196.55
"a23c7a7d06f1f8e9f6e45f934c7e106b",1.0,"boleto",1.0,245.94
"621b8e90f6fd06a792af8bdbbaf64a92",2.0,"voucher",1.0,72.42
"e4fe84926e03b0030e643318464be6a7",1.0,"credit_card",2.0,217.15
"4801b9cf238c2c9098bd66a5f092c2da",1.0,"credit_card",4.0,152.28
"37c755c6df4b61c5b4cc40361ae57588",1.0,"credit_card",3.0,72.34
"d232a4685c8ddfc98307d91978aebfa5",1.0,"credit_card",5.0,128.95
"2d5b43766328f55157cae1e85e1dd475",1.0,"credit_card",1.0,56.85
"07a26b88cc90e93f5c9401de11a60793",1.0,"credit_card",1.0,20.29
"ce7cf6dd8f80dfb98716950ae40eca59",1.0,"boleto",1.0,171.75
"bf5099786cc9dcd17a4961c9406fb3f3",1.0,"credit_card",1.0,85.82
"4cc95216e51190048472a2baf6fa53ee",1.0,"boleto",1.0,56.05
"1c859fbb6e7f238f3f6134628b845f3a",1.0,"boleto",1.0,26.09
"5eca2113141f2c0e048b11bdcb7a0371",1.0,"credit_card",1.0,41.17
"ada812c7806382c3085a5f5024bc17ca",1.0,"boleto",1.0,37.25
"ad2e046d1a59ee49ddf9ae258360b81b",1.0,"credit_card",5.0,135.13
"9027f38fa8afb91a7ad77fd92abf97a1",1.0,"credit_card",5.0,477.45
"cd82b3b68f4843cceb338d860b8aa006",1.0,"credit_card",2.0,440.12
"6c721c8ce1b433e68655575af4955976",1.0,"credit_card",1.0,67.7
"e199c3b74cd391568e7c99aa28b0f274",1.0,"boleto",1.0,168.51
"94a71bedec852e752e86d530d03d6061",1.0,"boleto",1.0,31.86
"64d6282bba1a1c015acbdcacca391253",1.0,"boleto",1.0,40.87
"49f62326ab0dc444db19abf56861df10",1.0,"credit_card",10.0,109.59
"0e2b7e9ea88624cc24fe978983190dea",1.0,"credit_card",3.0,206.87
"cfae1e992eeb0f51ba0de3ddb87b33da",1.0,"credit_card",1.0,134.38
"99396be04e138247e9fc0528a62e0919",1.0,"credit_card",1.0,56.06
"c776863a93dc0740c6e7d78104b21413",1.0,"credit_card",3.0,264.08
"ff2debba53c9c8185f517f7b3a936aed",1.0,"credit_card",10.0,240.77
"7cf01fbc143d74367eedc9b9f8fbf437",1.0,"credit_card",2.0,91.72
"c8ea1ac95f4f994f94fb57e99dcca985",1.0,"credit_card",4.0,49.01
"c24a00c414738de9ee6121f179ebba9c",1.0,"boleto",1.0,107.87
"cee90a4ed9adb7e720e6007bcc43e4e3",1.0,"credit_card",3.0,62.01
"ddc5ef5f86c69f1a29ff3e05e3fc54ab",1.0,"credit_card",1.0,36.69
"dd691e4f12c592067339680ffc3dd443",1.0,"credit_card",3.0,35.0
"a144da15ca9cb1ebccf012a14736c54d",1.0,"credit_card",8.0,256.37
"ce70855bb79f7086da0e4974f7324ac1",1.0,"credit_card",1.0,47.84
"8f4be74e60d163c72a59ba577a642d70",1.0,"credit_card",5.0,125.87
"f26bbe1ba1d50321617831285d0fe62c",1.0,"credit_card",1.0,42.39
"7246a71d326111872bfdfd34f495dc4f",1.0,"credit_card",5.0,117.53
"e65f1eeee1f52024ad1dcd03447f7482",1.0,"credit_card",1.0,43.28
"d2ebd7492d92dfb6a5737ba33a58f920",1.0,"credit_card",4.0,144.54
"8e6df87600aae0285919b5529f7f0bfd",1.0,"boleto",1.0,126.48
"b45255a6696ebb8f53915a109a16458a",1.0,"credit_card",4.0,125.29
"bfc9f97fc7ddacf8a3c33c4b2bd15a93",1.0,"credit_card",2.0,229.74
"9d4fe519c77c087d5a1bd73637c5c6bf",1.0,"credit_card",1.0,124.6
"fb6343faebbbee8c21d59d4ae59477a8",1.0,"boleto",1.0,143.86
"2df8ef770ee7c12291ed7811f4f414c5",1.0,"voucher",1.0,56.89
"75450feecb51c39e54f4bd4c74b867e5",1.0,"boleto",1.0,46.78
"d3f44296d90a42d3ec4b52b18654e87a",8.0,"voucher",1.0,3.98
"87b8f9f472fb04cdbf53fb55a3591b5f",1.0,"credit_card",3.0,72.66
"9a8743fed3cc7a477eb92cb0ca0e7d26",1.0,"boleto",1.0,50.1
"d0e9849de800fdb4cb3b5e6d42c6b367",1.0,"boleto",1.0,85.79
"838411338443a817cfb4c26f0f7a9c9a",1.0,"boleto",1.0,63.7
"ce6d150fb29ada17d2082f4847107665",1.0,"credit_card",10.0,1586.47
"bedae8df4e37a65ccbec319872296b89",1.0,"credit_card",3.0,433.07
"16b6123f7077419424bf89af74e2d054",1.0,"credit_card",10.0,642.02
"e147052b9ecc00bf938f9e8581944207",1.0,"credit_card",4.0,263.95
"18dc026cdb7d39abde1489c336528961",1.0,"boleto",1.0,134.99
"06ff6cb289c9f1d1ccacc6764874e3c2",1.0,"credit_card",1.0,57.89
"4436eb8a73f08dc5c4ba8b1e5b96d290",1.0,"credit_card",1.0,383.99
"dbdcb70ae949e4cce08f59bfa7e4604b",1.0,"boleto",1.0,159.31
"fff7c4452f050315db1b3f24d9df5fcd",1.0,"credit_card",1.0,756.91
"ed90ba41c41da31da8e891ff43a584d1",1.0,"credit_card",7.0,156.22
"0bdb173bda4bf7e4109fe707c309252a",1.0,"credit_card",10.0,132.95
"5b7c6dbea3e21dc6314451ed73907c0c",1.0,"boleto",1.0,48.27
"47d051e89cf6490245136694a26a4395",1.0,"credit_card",5.0,107.35
"0cd19e832fefb17664d1a294b90ad192",1.0,"credit_card",10.0,110.2
"9786fe4bfc559809a4bc1a58b72e2077",1.0,"credit_card",8.0,368.92
"0fe5bc7345e72628330234915ed373bd",1.0,"boleto",1.0,106.85
"817e8b5495d2b31da82dfe5a89aacdba",1.0,"credit_card",8.0,281.5
"22543080a0066963931832c0df11b2be",1.0,"credit_card",2.0,54.25
"8ff5ec04a3f395979b2371a0a9ef4136",1.0,"credit_card",5.0,121.78
"257699bfe87de4eac234324e88db828a",1.0,"credit_card",2.0,102.26
"386a7bf9de133efa1516c4145330f3a6",1.0,"boleto",1.0,90.62
"a72d1276fd9d74c154120c3a11eba771",1.0,"boleto",1.0,75.69
"e74c5411558a7a26de918d23a07e1cef",1.0,"debit_card",1.0,42.86
"2b49d60af10ea7e2443376987ec8a184",1.0,"credit_card",1.0,35.7
"c047e1042ab337c92ea23d512b54c5bf",1.0,"credit_card",10.0,444.25
"a132f4bdf1eb9803546cef73ca7bd322",1.0,"credit_card",1.0,69.16
"683bf306149bb869980b68d48a1bd6ab",2.0,"voucher",1.0,30.0
"6df674fd09d933a85574460e32a94e23",1.0,"credit_card",2.0,65.71
"5795989efabaace15f06689b3ab3c4c1",1.0,"credit_card",1.0,29.29
"440b07cde0dc78d377c42d29845bcafd",1.0,"credit_card",1.0,37.74
"adc2f0c9fd838d820339f8220c1adf08",2.0,"voucher",1.0,30.0
"ad6137b47c7f7c1c621f4de13c3d5bc9",1.0,"credit_card",2.0,145.9
"f6e638ae1f17003aac1cb6dc6a93ba73",1.0,"credit_card",1.0,79.88
"c8f8f9f5df7a6ce2beaa9de85fbf8ca1",1.0,"credit_card",5.0,108.0
"1dfbde97fe9eccbac2db9ab2f3d45a9b",1.0,"credit_card",6.0,348.74
"6760e20addcf0121e9d58f2f1ff14298",1.0,"credit_card",6.0,88.78
"ac3143c0b6db91dd3ca4ab4d8a8243eb",1.0,"credit_card",4.0,953.71
"68051b9b65c4b30fc1252a2b69fe1d0b",1.0,"credit_card",6.0,125.77
"8a170c32858870f69d7a3477fcca9a4b",1.0,"credit_card",3.0,64.05
"242bc9216a7d8514ba8d435a96d63c3d",1.0,"boleto",1.0,127.69
"cbe9e2376e5d8de3c057ed58a638403d",1.0,"credit_card",1.0,62.42
"fe36a827e3e9e0a6f5e11b0be2055727",1.0,"credit_card",5.0,55.69
"a5fbd128ce1d7a0a314bb56704e0b4cf",1.0,"credit_card",7.0,146.13
"3be1b5820b7f93acc617a3b680f37c91",1.0,"credit_card",5.0,349.99
"5ad7d897998f9bab0176a1c82b7437ea",1.0,"credit_card",1.0,91.28
"b79a7395d3911e77688dfe966105a683",1.0,"boleto",1.0,108.64
"ef0beb334211d552bb4bbb9b43e60248",1.0,"credit_card",2.0,158.98
"b616f638cd86d92c7cbd06cf7484ee34",1.0,"credit_card",1.0,20.75
"a3670896f8c6f70396896223eb4ca8be",1.0,"boleto",1.0,72.9
"33f3e269b872b41e5f90b01a92d454eb",1.0,"credit_card",3.0,543.83
"6a26bd1a037993f1205073dbeda67db4",1.0,"credit_card",2.0,67.12
"c3fa73017c4a172907d79669eda248d0",1.0,"credit_card",6.0,139.07
"45da19cff07c4148ba32b1a6bb8d87c1",1.0,"boleto",1.0,126.68
"af045d3e5d7082db57d5b5dde3c0c97b",1.0,"credit_card",1.0,41.42
"ede510a059fd07ccec20bff19a227fa3",1.0,"boleto",1.0,203.16
"b4d7995506859f96187970c8275ee66c",1.0,"credit_card",8.0,540.02
"b9a8d194c52bcb022997d990bd402f7e",1.0,"boleto",1.0,368.6
"fa9ef315051f18a68686aca274ae8f2a",1.0,"credit_card",4.0,107.78
"94d2de9ad08d15bd3e714a984bd09bcb",1.0,"credit_card",10.0,387.27
"7711d25c50cf5322589706aaf0458117",1.0,"credit_card",10.0,107.23
"cf9d814ad8673ebdaec52528c1f7a7ca",1.0,"credit_card",2.0,101.25
"0930df388b21f34fc3f0e3baa9a73016",1.0,"credit_card",1.0,26.09
"cbb39c59f8084f27c248bd5c3a1cde7b",1.0,"boleto",1.0,244.35
"0705d1148d3c3d342f1a8c8ad33e5d3f",1.0,"credit_card",10.0,117.85
"415c8cb8b60f8371900c2abb3ce6a0c3",1.0,"credit_card",3.0,171.32
"35d75af8e37e575e033ae1a48c1236ed",1.0,"credit_card",10.0,202.44
"81c2a9cc7a5d970fa1cb04443002088b",1.0,"boleto",1.0,73.03
"cb666a5ed3eec739fae136c3da8552c7",1.0,"credit_card",4.0,264.67
"7a415e8280c3ae4d608481124c4f5d62",1.0,"credit_card",1.0,68.7
"bdd49e833a618b2e10096e4bd5725977",1.0,"boleto",1.0,55.13
"8543d2d86c69647af5e2d957c3d21b85",1.0,"credit_card",2.0,92.99
"e8f9288c671277ab525571871aef27cd",1.0,"credit_card",3.0,36.0
"38006c12e16c03c74e2eb3113e238e5f",1.0,"credit_card",1.0,17.87
"725bd1c01a213e4ac7999d74cc9da874",1.0,"credit_card",1.0,58.38
"20aa4f85b1ed8d98e5c742c1a003db9c",2.0,"voucher",1.0,50.0
"e11fec6c25945565c1ef4f14fc3c03b7",1.0,"credit_card",10.0,1995.69
"30f54cfb85a2cf596ee5b7a589d3ffa0",1.0,"credit_card",3.0,130.14
"604b550c04e61700ab7bcb2ac5b5ca53",1.0,"boleto",1.0,710.23
"8a0ecc540156c0f21f25d7bfd4e95dbe",1.0,"credit_card",1.0,68.0
"cc80504e2db2b7b744e2bfe2450c95d3",1.0,"credit_card",5.0,59.51
"91f377dafe157043ee827b080a27e3f5",1.0,"credit_card",5.0,371.94
"c75886866a89a0c9a04fbcd4699f3772",1.0,"credit_card",10.0,667.99
"fa625c35a56d989b379939bae9bc9b2a",1.0,"credit_card",1.0,63.89
"61792c6272346d7f4b7c5b1747df7b1a",1.0,"credit_card",4.0,49.34
"0913c46b1cafecb52e5a9a55b6c0e0fc",1.0,"boleto",1.0,147.0
"65bbd0719855fe808bb19f62dfa9f42c",1.0,"credit_card",1.0,354.64
"46c7c115d719ca780eebedf719fbd4e1",1.0,"credit_card",4.0,59.71
"83c55d64c56ad16ba3c0f7858cd709d0",1.0,"credit_card",8.0,408.66
"e899327a5964f4d29698667a231e6b9d",1.0,"credit_card",5.0,51.66
"5ff78652a040431e007c9349249d3503",1.0,"credit_card",2.0,386.46
"9bfe486cba6ba9af52af7bfe86ff9859",1.0,"credit_card",2.0,69.54
"8be031b84394ed99ee85be1985019058",1.0,"credit_card",1.0,21.94
"ac0da888b1077d0f40b33eea6de6297e",1.0,"credit_card",1.0,52.34
"ebee038c5993647eb1defc78207cd187",1.0,"credit_card",1.0,114.25
"c596d8640962b115481b374c7b881f6a",1.0,"credit_card",2.0,162.83
"394eefeb1d359eb230a22ba3bd68f072",1.0,"credit_card",1.0,172.92
"cccb62677b6ed93ec68f4428a0ad81ee",1.0,"credit_card",7.0,81.72
"b249bb5bc00cfbe2ce917a5a07c72b46",1.0,"credit_card",2.0,151.79
"c5bb91ea2129a21a4f424d356a4d28fa",1.0,"credit_card",4.0,243.62
"fd26702a3f7ee5d86580de591ff53e3f",1.0,"boleto",1.0,56.42
"22420f3718ef75dcddb4f03201096895",1.0,"credit_card",4.0,45.13
"019bdbaef5b5121c9b1811976aa510a5",1.0,"boleto",1.0,108.64
"e3c6bf3aad3a42c48ae9619ac88d0b3d",1.0,"credit_card",4.0,64.51
"aa4f33b236ebf41f573308022ef7496b",1.0,"credit_card",8.0,193.5
"ff5b7f440481674b38554434638beebf",1.0,"boleto",1.0,110.63
"968ce3e13bbc09dc91d26a2f0208d99d",1.0,"credit_card",5.0,200.55
"31026c762ccd760199ad552ea17e0269",1.0,"credit_card",1.0,41.71
"d74283a9b897322afe09916280aca43f",1.0,"credit_card",1.0,54.43
"c453fb0ec44f618a32abcad5c873d06f",1.0,"credit_card",3.0,77.64
"189ede25eb8522abcbd3592d08811f85",1.0,"boleto",1.0,280.08
"17b18aa0bfdcebddefdf2d7da5718181",1.0,"credit_card",5.0,101.34
"828c3114b783f896fba059433600c471",1.0,"credit_card",1.0,77.57
"fcf62e3aab276898567e4ab7e973417f",1.0,"credit_card",4.0,60.2
"a6afa7362f8ec053b0b61cdc8f1c8b25",1.0,"boleto",1.0,48.1
"940d83f3286808e4f8b1a7ac975b2aa9",1.0,"boleto",1.0,76.02
"238bcd7a2027e5f32fd185c264d73786",1.0,"credit_card",2.0,84.56
"3d7fb1dd6ff6f0eedb9976eda81e4a95",2.0,"voucher",1.0,20.0
"0f090dd2d83a9d755108584313c8208d",1.0,"credit_card",4.0,48.16
"60bcba6747ee878b9007f61275f4cd1f",1.0,"debit_card",1.0,265.41
"0ec392fc56b5d2e7e4279c19c51b6460",1.0,"credit_card",5.0,127.53
"96068d351a84dcea0b929884876e4fae",1.0,"credit_card",2.0,128.73
"c2f065051bb7c9e7f88ebc998f332968",1.0,"credit_card",3.0,37.37
"8cc7ecd8057b154fb9227536dba2ce24",1.0,"credit_card",5.0,150.15
"1fce50c1831b6809773e5020edc716e2",1.0,"credit_card",2.0,36.16
"3fbb598da3d544e640039c789df239b7",1.0,"credit_card",4.0,198.0
"f8aa20752115b536eacee3d561989f35",1.0,"credit_card",5.0,112.4
"5accb23a030458bbfb5eb669903f05b7",1.0,"credit_card",1.0,35.4
"689e8820798347950a2649f71c734bd0",1.0,"credit_card",6.0,189.98
"503ede67b27bbb1c7dca67c00af403a5",1.0,"credit_card",2.0,228.6
"87276b621cf05e7f2afee8be6c9721b6",1.0,"credit_card",8.0,314.21
"34dedd5cb5e0f12df565171392540a8f",1.0,"credit_card",1.0,22.29
"bea175d990526fa16d7d6d5ea071d065",1.0,"credit_card",8.0,257.3
"89ce68f38090867719b22774f8bf5861",1.0,"credit_card",6.0,162.99
"276971787e4550d908a7306c2fe79da3",1.0,"boleto",1.0,51.03
"0b3d8a1bbaa4e340e25adfd640f70308",1.0,"credit_card",12.0,190.09
"fb4c1eeef06c08acb4e63c9091ab5c6b",1.0,"credit_card",7.0,374.24
"9378b5fa3133e86bb44a365e66c24b03",1.0,"credit_card",5.0,53.15
"952241c48f34d58c23ca57964d413834",1.0,"credit_card",2.0,88.2
"93de8241002c099c87029b0362e5c0c9",2.0,"voucher",1.0,25.9
"0a629239073738043764cd721c8ab2da",1.0,"credit_card",1.0,46.81
"332e264249f30a888b81bffd7a84e03c",1.0,"boleto",1.0,131.47
"5b2e70f861de8953b06ea667adc2eb4e",1.0,"credit_card",3.0,258.71
"4f037f852cf9b1a96760775d55221c33",1.0,"credit_card",1.0,84.23
"1314353395f7148ba64400eab34bb50c",1.0,"credit_card",10.0,156.73
"1d5912d4e665fb2a085a50fc13007c02",1.0,"boleto",1.0,69.9
"ae544ab4fdaa9ad26ce17423e88b8702",1.0,"boleto",1.0,48.13
"6e8e751584b3e3141e3e3c39f71408c2",1.0,"credit_card",6.0,187.15
"290069e93a387bceb35f0106717ab803",1.0,"credit_card",3.0,69.99
"88a82da4cb2eb4723c9965285fe826c9",2.0,"voucher",1.0,25.0
"33c011fdacf02b14181fcd81f4b5ece0",1.0,"credit_card",2.0,162.1
"0cc14454cb400b7b154e0a45ffd5c2f9",1.0,"credit_card",1.0,57.11
"14d113827939e9deace0b2afb528f1bb",1.0,"credit_card",1.0,154.87
"8d6ed3e982e12a1684b31540309e044b",1.0,"credit_card",4.0,236.81
"474c0bedc28c30c7568c589c047b75bb",1.0,"credit_card",1.0,102.53
"d73f657ce49ec301ac81116e74bd0571",1.0,"credit_card",3.0,65.1
"f0ea851516ffb7fbea588f7d200e3d43",1.0,"boleto",1.0,93.64
"01e6f40a293da5a9dc11e49695c7541d",1.0,"boleto",1.0,64.09
"6eab6f37ff2d390d23be84642739b500",1.0,"credit_card",5.0,279.4
"3d40c6056f68e49782a7c576c8b57e3d",1.0,"credit_card",5.0,205.43
"d82255dd8d216b8577f8f2527ce817a1",1.0,"credit_card",4.0,89.57
"d2cb7c100806e87a227d413e9157cb76",1.0,"boleto",1.0,75.07
"7b88910a9e8c55290806a85af1b796a6",1.0,"credit_card",4.0,63.23
"c1219b88f5d48e3d0dd3229cbd88a722",1.0,"credit_card",1.0,0.52
"9c5bfba7de6a4abbb6ba0baab78d1622",1.0,"credit_card",10.0,231.27
"d4a27413b758ce1cea90d005252591f9",1.0,"boleto",1.0,41.69
"e43a8e7bb3db31ab15c10dfc9ef4e419",1.0,"credit_card",4.0,69.41
"85be7c94bcd3f908fc877157ee21f755",1.0,"credit_card",1.0,72.75
"d9b53f70b57a028c32d88455dda31547",1.0,"credit_card",2.0,24.29
"933cae52f81a96867c679e5251c0a7c5",1.0,"credit_card",5.0,88.49
"b308154c76f89d8c52b41f7c8480d107",1.0,"credit_card",7.0,71.66
"6519cf54b544974af32f148f9087f86c",1.0,"credit_card",2.0,80.81
"21b966a378471db65c18fa4ca20d6800",1.0,"credit_card",2.0,132.82
"caa275ffe24eb1662c6e22a43e200622",1.0,"credit_card",7.0,394.07
"08bc5baa3da6ce0746413cd9cf227e9e",1.0,"credit_card",2.0,165.5
"1d6efdc47fc22d96340ff4b18566ef54",1.0,"credit_card",2.0,98.47
"ac14a1a3d8c2b071a150eb2990b5ecd8",1.0,"credit_card",2.0,49.77
"f6879e8e12a44ceb4c422c23489a029d",1.0,"credit_card",8.0,180.91
"c39da54f19d2aa7b89667e4817f05629",1.0,"credit_card",4.0,40.63
"28156e3f154f44bf5cb8c3ee9978d332",1.0,"debit_card",1.0,71.63
"dd3d73f70b77e2a07f64360620621ca4",1.0,"credit_card",5.0,262.94
"a03080d29751000dd3e2eab48835af82",1.0,"credit_card",3.0,62.22
"09c681e9069e20d7f2ecd587151f1b88",1.0,"credit_card",5.0,311.57
"69796e4e03edbf9c0f49c76d4ebadb77",1.0,"debit_card",1.0,93.22
"b62880756e815882264069601458b5b1",1.0,"boleto",1.0,100.21
"9389b64e7d922e3b0c30f8026e418e64",1.0,"credit_card",4.0,125.43
"5d5b8c94e2bc6b963da5af8a4b02bf08",1.0,"boleto",1.0,80.55
"e6e5431f5c825cde6802af0f30bd8eaf",1.0,"credit_card",2.0,373.44
"92f4f749aa508d58dee50d9ccdb6c9dd",1.0,"credit_card",3.0,62.31
"4f22cd3d78d124f7ac060a3171493ef4",1.0,"debit_card",1.0,36.35
"5fcbedfee2eec6f8ecdcac610148b4c3",1.0,"credit_card",2.0,29.38
"6c949e670b5d33dc8fb8ad25b6da4860",1.0,"credit_card",10.0,102.47
"175ba47aad2d017d2495c66b763a7df6",1.0,"credit_card",3.0,130.0
"28ff0422d12a02fb62ae4c9f9e9317f3",1.0,"credit_card",5.0,69.13
"f0ffbaf1fe35a4a0565b047824341bc3",1.0,"credit_card",1.0,86.24
"1662797f04736ea5acb5de67d5672fcc",1.0,"credit_card",1.0,74.29
"aa7565b87e9b5f1ecf8b8ea7f745899c",1.0,"credit_card",7.0,70.72
"ad2b9f8531232554f31be87d5ea9da10",1.0,"credit_card",3.0,199.0
"9b871ac52352fe5c58010cad01550b6c",1.0,"credit_card",3.0,340.47
"20c75d31d2151bf4e0b8b398e64fb163",1.0,"credit_card",4.0,48.74
"2f54d4ac9b0df5774cfa7c1250c4750a",1.0,"credit_card",2.0,28.08
"efc0a4486f951c342875c6ffdeca315a",1.0,"voucher",1.0,59.9
"2b3ec451746cbc17ebae5c0b8fc74406",1.0,"credit_card",1.0,166.29
"4862027da7986ac571a0bd91458ec358",1.0,"boleto",1.0,51.1
"774b04fe6502917d1952476fd1f3dd60",1.0,"credit_card",1.0,67.83
"93b63d0bd99c903fae0f7a00b72b507c",1.0,"credit_card",3.0,164.35
"d2b0a763647d885d0d3db2ee534ec02a",1.0,"boleto",1.0,79.09
"470e4a0aae7ae6c3bb0aa161b7abf205",1.0,"boleto",1.0,93.69
"41c7307fb0238baabade48573331cb55",1.0,"credit_card",2.0,59.82
"141d3bf5aa7128f40bf2a60cef620b93",1.0,"credit_card",3.0,159.03
"4b918a356d581c76170acb5f5644e79f",1.0,"credit_card",9.0,92.57
"9da388551ea23281b9bb4cbf12376992",1.0,"credit_card",4.0,42.77
"92295e7114a22f7180b04673e44cda17",1.0,"credit_card",8.0,453.74
"ca376f8f4042e61688af8cfd32d4e80e",1.0,"credit_card",3.0,234.08
"d1c60fd7acd42b1d2e2aecfeff348b23",1.0,"credit_card",2.0,67.62
"aa04ee4542e835a3e6f4da876dc654c6",1.0,"credit_card",1.0,19.33
"66866953330f81976a2adcd51f603560",1.0,"credit_card",3.0,143.18
"de24995591633aa90ba93afa013ece1e",1.0,"credit_card",4.0,112.83
"73eedc4ca4a789813a63fe30856c805f",1.0,"boleto",1.0,85.92
"984cefe3260707e1f6fc38b18b2b276c",1.0,"credit_card",4.0,102.05
"44f9bb85e9dfb3f106dd017fbd8b8006",1.0,"credit_card",3.0,134.12
"63003bf6e2058e236f3f9ebb2872b234",1.0,"credit_card",1.0,112.13
"4277cdb7e2125bf7bebcd908168f90cb",1.0,"credit_card",1.0,70.75
"a1092ad981e90f68879726e1c2c0fd63",1.0,"credit_card",7.0,77.6
"8f9b2d4a6cd80dc716a380365561a133",1.0,"credit_card",1.0,197.04
"abb045c9c602e1ea87376929b298b52e",1.0,"credit_card",1.0,93.18
"e4e0b1913652739070617b6a336a6ca5",1.0,"boleto",1.0,44.72
"71749baed4a3e47f47aecfced7c70ec2",1.0,"credit_card",1.0,26.38
"d3454c86a9d5b5a519364756eea7e275",1.0,"debit_card",1.0,149.14
"dc70f94b8e8d37fbd4fbc0e31a008175",1.0,"credit_card",4.0,106.32
"de1f470a407aead094cd885293ea9ba1",1.0,"credit_card",8.0,246.96
"64e64a4dd77d71d6bc307f24af1e55ac",1.0,"credit_card",1.0,22.29
"ccb78ed7a1acba9d251c8626f13097f5",1.0,"credit_card",3.0,57.48
"54b73f808b0ff25da4276773c30ac269",1.0,"credit_card",4.0,105.28
"6ad99bac95eceb8ee72b78585c5baf88",1.0,"credit_card",8.0,203.54
"3e47a8cc66024053901d7313a7d2a0b7",1.0,"credit_card",2.0,330.4
"a9096f7f0b61e8a65ae29ece51a43d03",1.0,"boleto",1.0,108.68
"16e62e9da7d33d61b6f26ccf68bc962c",1.0,"boleto",1.0,415.93
"73716792079a3819a7022fdf6500f9fb",1.0,"credit_card",10.0,314.21
"e6dfc4ce09d6557361948d3648ccb670",1.0,"credit_card",1.0,206.08
"8065c72fce26b871dcba7ef49bebfa48",1.0,"credit_card",1.0,27.7
"6d0da5add693d625079fa8fdf40967d6",1.0,"boleto",1.0,19.48
"0dd13170e2f12871b1e007e5fcf6e944",1.0,"credit_card",2.0,121.09
"c283d7942d2bbca2c27a9c15ee2a390e",1.0,"credit_card",1.0,206.76
"9e685885967d3152a558f94a355e3b6f",1.0,"credit_card",1.0,142.21
"a1f7a3803f5afa1b25182cbc0b2c38be",1.0,"boleto",1.0,73.34
"069872f35a2ed2d455f9b64e914dd4bd",1.0,"credit_card",1.0,72.62
"d6dae36830ffe3962efff0e91cc64127",1.0,"credit_card",1.0,86.24
"0fe66ba925b98652d484ad6af89402e7",1.0,"boleto",1.0,230.1
"83f897bfa5b1f95356e8c9a33679cb49",1.0,"boleto",1.0,206.14
"92e3a3bff7261e031fc2901b229ce73a",1.0,"boleto",1.0,212.73
"9b6a1b8bf017b64d6ff4d7fe7cd88f1f",1.0,"credit_card",1.0,94.82
"816b15129b14c066ff4f5755938aefb0",1.0,"boleto",1.0,126.44
"fbbc0a864330509c41ca4b4f0ff9b780",2.0,"voucher",1.0,140.08
"209addb62d4e3c8c3e8b364d841b4d58",1.0,"credit_card",1.0,68.87
"35d71bd32993bd9959f7eefe1a5a0f4a",1.0,"credit_card",2.0,87.58
"b790fce1eff8be3c9ff35c97cde2afaa",1.0,"credit_card",10.0,305.19
"05c5f6468206cec16a8c99f231bbbe86",1.0,"credit_card",5.0,161.88
"2e69eb402e990dd7df2f12806dc38a4a",1.0,"debit_card",1.0,88.08
"f8b1f5bc1c01359c4cc4e611c257ff2b",1.0,"credit_card",3.0,92.5
"18feb354fd368bc9d6cd27c5359e2243",1.0,"credit_card",1.0,43.0
"f5b3d7bf340b33e9fac5e7f314525614",1.0,"credit_card",2.0,116.36
"4fbf4b4d08900c34f81e01ace9d3f294",1.0,"boleto",1.0,64.48
"d75cb3755738c4ae466303358f97bc55",1.0,"boleto",1.0,37.69
"ee482a8248d67e42aa1105d14a941a47",1.0,"credit_card",2.0,150.52
"347610961383f5990e1d0ce3fd0afa5a",1.0,"credit_card",6.0,314.3
"7f058780efeab68414ecad1c0c43d0c0",1.0,"credit_card",8.0,396.35
"900fac51d850dfc38fceb9c413441c67",2.0,"debit_card",1.0,98.33
"a83755325957c8eed972dc614210922e",1.0,"credit_card",1.0,120.92
"407408433ee2a9ed77984aa5a06e2b2e",1.0,"credit_card",1.0,76.17
"f41fbf3e30f0f79822348910ca2009f2",1.0,"credit_card",1.0,104.43
"874a7690bc049bd4ce210d195bdfff7b",1.0,"credit_card",1.0,105.94
"c3efd4a2e8fb35fdc26a1312de8e2ca2",1.0,"credit_card",3.0,110.04
"a65211639143a90d6cb4116d808b1823",1.0,"boleto",1.0,730.95
"291036f4304c5fb0dc3965044f4a4605",1.0,"credit_card",4.0,128.77
"84e18f4b5b541150af97e94f3cc0b2a7",1.0,"credit_card",8.0,82.1
"7c95572fd6e7e0ab8b88b00fd8c70716",1.0,"boleto",1.0,53.39
"d85a98bb9881eb52e0efa5e9ddece3eb",1.0,"credit_card",3.0,61.79
"48ab980d180764382cfa411d2fb63dc0",1.0,"boleto",1.0,86.83
"2760fc9dd1ab8d8e9269d4d9f7ee48f6",1.0,"credit_card",1.0,45.3
"2299befc86b7b31fc23dcba911582355",1.0,"credit_card",1.0,25.5
"0fa927b252421189a0e0d5725fb3832d",2.0,"voucher",1.0,103.79
"197be0df90e5b459a14669e32c8ce1ff",1.0,"credit_card",6.0,114.28
"531752ff49fa411d865ecde8cce5c7ee",1.0,"credit_card",2.0,57.78
"c137d955d66546c460453c13ce560ad4",1.0,"credit_card",1.0,124.15
"0d4bf86877b0763d194d50ca6a136bf9",1.0,"credit_card",3.0,64.1
"906f47e5cb0a80530bf2e789e6e6a0cd",1.0,"credit_card",10.0,179.92
"219fda9e83f9a3ac8e1baa10d6cc6366",1.0,"boleto",1.0,40.01
"065fb1ee0ec59ea0a68b3105a59a69ce",1.0,"credit_card",5.0,104.27
"d253842de8c5d6f95feebe80f6f6995e",1.0,"credit_card",8.0,307.96
"5a409b9e0ab85bdafd5a5b75f4571b7a",1.0,"credit_card",2.0,31.29
"7056ed3b6f11b379db7915d1f6a69ad9",1.0,"credit_card",1.0,38.13
"e3c4a1f61400e7db82ae759cacedc9a3",1.0,"voucher",1.0,52.01
"067a8c6d7efd34e3595ef4bf1500c766",1.0,"credit_card",1.0,35.05
"49549ed2d115e970bfb52d517fe0e91f",1.0,"credit_card",8.0,186.49
"dfa57a47eb4b524966a891189c893d04",1.0,"credit_card",4.0,99.95
"5fd03333c4c020a7eff08e6ef26ef8cf",1.0,"credit_card",4.0,215.62
"c627fe35fce1a754bc5b812d0b8ff379",1.0,"credit_card",3.0,206.2
"ba7243ecb3b63c80579ba1d4c34e277c",1.0,"boleto",1.0,55.06
"c943bc78c323d9a46208210c587c2ce4",1.0,"credit_card",1.0,21.04
"6d60fdb8565707824a98431255d3183a",1.0,"credit_card",1.0,26.45
"73ffc7dbf151bdb28ff40c4206968803",1.0,"credit_card",1.0,127.53
"3f4870bf4008a2351a4855a865c454c7",1.0,"credit_card",10.0,223.14
"90932f88aac7cb89b8de1b8635b6d393",1.0,"credit_card",2.0,56.41
"1857ec1a182661136fe7584592437d51",1.0,"boleto",1.0,566.63
"52fe09ed9b59f3ee4be7b74b990d13bd",1.0,"credit_card",2.0,39.41
"12ab522eccaca7c7be0e20ef475ea423",1.0,"credit_card",6.0,148.64
"a10e6749400b3ea4a674cec3fd3a9605",1.0,"credit_card",4.0,64.0
"3ef8344e342218131639ab03da0189cc",1.0,"credit_card",3.0,151.09
"174fb39de9de15c80ea4076ba0cb6c83",1.0,"boleto",1.0,93.91
"c8584f2a0bdbf0ac38e859a8f7744039",1.0,"credit_card",2.0,71.14
"539a1383b0bd9b963044945e607f1aca",1.0,"credit_card",3.0,188.06
"9b790ca446b8e28ce5e4382959f6b7df",1.0,"credit_card",2.0,257.21
"82ee69216f11b23e2d21d2796e079366",1.0,"credit_card",4.0,692.94
"bd0f032970584aa4a5b78947cb63e455",1.0,"credit_card",8.0,181.1
"81bee7ecbeae8e9b41bef6d41b146b12",1.0,"boleto",1.0,202.26
"a45007bebe435ae6fb3637ede777476e",1.0,"credit_card",3.0,164.15
"5256aac1d939c4bbc931cc7c1c78a419",1.0,"credit_card",10.0,137.13
"9c54a1816e487456bb7eb5082b9823ff",1.0,"credit_card",1.0,2.01
"048cc31326007f07b576b46beddecc12",1.0,"boleto",1.0,272.58
"6ad6a8701a498c74450b0876eda2ecb9",1.0,"credit_card",4.0,87.36
"68986e4324f6a21481df4e6e89abcf01",5.0,"voucher",1.0,16.54
"774189d7c5cbddd496b190c3c0f9de56",1.0,"credit_card",4.0,234.19
"4c217e3cc24f803307dea7d619377def",1.0,"boleto",1.0,86.37
"36963a629da6c57d926df8f37a9e63a9",1.0,"boleto",1.0,33.0
"37193e64eb9a46b7f3197762f242b20a",1.0,"credit_card",1.0,10.89
"ecdaf77dd1a8f3bbb92d88b14869b2f9",1.0,"credit_card",4.0,84.14
"4c17c523dc7daa9cfdfb327f119179a4",1.0,"boleto",1.0,43.28
"4197f94f8bddd171804b1360fa78d368",1.0,"credit_card",1.0,47.95
"15d2ed1b88ca436faafb7d7236dea795",1.0,"boleto",1.0,76.08
"a8ff452116db2ff4a2963f490afe5471",1.0,"boleto",1.0,104.37
"4495f1b55b727a6ca639505afc688e17",1.0,"credit_card",1.0,69.61
"2f9892eb8df4a437d90cc5b1486f3b02",1.0,"credit_card",3.0,121.09
"f6cc5ac0be9196f2fb3db04bace5cd8b",1.0,"credit_card",7.0,238.65
"e1edd95bfd88243a6d6b774d8aefe535",1.0,"credit_card",4.0,181.59
"a1431d521cd6c63636bd85cdad970498",1.0,"credit_card",2.0,135.26
"972c2e78e9af23a750a48184aadfca4d",1.0,"credit_card",3.0,51.09
"360787554f41824600bdcba9687cd4f0",1.0,"credit_card",3.0,1783.44
"b0cc2434ee3727e682222a0f745a5948",1.0,"credit_card",3.0,145.01
"f75517cfb973c21eab8559a870263794",1.0,"credit_card",10.0,231.27
"d022bdad33a575ca5edb8c4d51e44310",1.0,"boleto",1.0,70.03
"d1ea13fc1406243e6f6134582bf1bbc5",1.0,"credit_card",10.0,1432.92
"43b2b04bc7aba79e72acb260d116466b",1.0,"voucher",1.0,45.24
"3bfd863aeb764ee13e7a3909ca8be2a5",2.0,"voucher",1.0,50.0
"4f54cd2c8e8986790a962e3657390e1d",1.0,"credit_card",1.0,64.01
"c51937c0ea3f397cbf08be8fbdce3730",1.0,"credit_card",6.0,148.18
"9bb824ec73ee38dbbc585f3bba4b34ac",1.0,"credit_card",1.0,171.53
"b8188e1985fbf9e2b94e3a0b64d58074",1.0,"credit_card",3.0,86.15
"3f72f100dae2b5099ad6e5a486e95ec0",1.0,"debit_card",1.0,22.79
"5600c1fabd9c27cf4dc4a3aaf57a8e29",1.0,"credit_card",2.0,58.16
"b9a089706e16d5490f7a2feb363e32e9",1.0,"boleto",1.0,149.42
"5979684d63c8a62e550943dacdd1231c",1.0,"credit_card",1.0,44.53
"8d0b3f3857cad208492c3819a7a00d19",1.0,"credit_card",2.0,152.82
"869e47849cdcd2a24f33ab52accd0e89",1.0,"credit_card",8.0,82.92
"6902f0d9d7309f56f50b8713c3b6a4de",1.0,"boleto",1.0,66.69
"701784c754c8ac2e2a73dbbe7dc3a363",1.0,"boleto",1.0,52.75
"2c9d0e7a53245b11b39d47e84b3d7ac9",1.0,"credit_card",5.0,105.94
"0132158c30672a8c52997a2492613ec2",1.0,"credit_card",8.0,413.31
"460bbd1de438f2781234032226e45461",1.0,"credit_card",3.0,112.09
"9b92d4432c1758cd4215f3fdb1d623a3",1.0,"credit_card",4.0,186.36
"d6b7fe0100a5ed0711d0682fc1ed7819",1.0,"credit_card",3.0,165.22
"d289934bddf878e1cac62c95c8ee5402",1.0,"credit_card",3.0,49.02
"fe87d4b944748f63ca5ed22cc55b6fb6",1.0,"debit_card",1.0,173.68
"394959298025bc7fba4b9a6818907cfc",1.0,"credit_card",2.0,205.07
"fb8d6e92e3a08fe6485d4fb08d23ae0e",1.0,"credit_card",1.0,21.04
"9c0bd8cd0fc8231ed50c066058917360",1.0,"credit_card",2.0,132.68
"f947132461622a725c4661c580ab80da",1.0,"credit_card",1.0,36.09
"ee00fa5093eb96d8573403b382fb60a8",1.0,"boleto",1.0,66.44
"a38d122ad3e07ca8d13e4a42059b98d2",1.0,"boleto",1.0,161.62
"ec89f64fa61a8186f474cf0a903fc4fa",1.0,"credit_card",1.0,27.75
"2c283d6fe3628e20caec652ad3703c7e",1.0,"credit_card",1.0,91.28
"cf014dc8804713618176fc95af41b221",2.0,"voucher",1.0,81.93
"88889b5ed13afaedce4894ebf3cb6f46",1.0,"credit_card",2.0,167.92
"2f92b812fd7c7df5b629833c484cdf1d",1.0,"credit_card",1.0,61.36
"270f00466aae4f41f010eaba2da31425",1.0,"credit_card",2.0,60.0
"d790743eff8a57ec6b1bd64865b8c60f",1.0,"credit_card",3.0,39.01
"8616397296bf3ac1cc07c21a5c457894",1.0,"credit_card",3.0,39.78
"ccdb48549002b54a62ba6d41ee492980",1.0,"credit_card",2.0,64.23
"6de0a6791e7af4ed0514498e5100370b",1.0,"credit_card",4.0,186.92
"9c440fc86e36452b4288efbf2d65dcf5",1.0,"credit_card",2.0,43.29
"8d3a0426fb1b51bacd3297517f48b0ae",1.0,"credit_card",1.0,59.13
"8effe67a72c715f926a6dc1a616a5ea9",1.0,"credit_card",3.0,33.51
"56430e0b9968b381942760e433583b27",1.0,"debit_card",1.0,33.1
"493c6b85f2b1911ffe31be7e8c2839c3",1.0,"voucher",1.0,148.06
"6ea6f5d85441b7bfcccbc44e082d02e3",1.0,"credit_card",2.0,189.56
"1634d04100d187e0f985f2eb2909cba1",1.0,"credit_card",5.0,105.38
"94cbbe30434a51f71837965608aa41e1",1.0,"boleto",1.0,69.06
"6eb1728e88c8db6cd1846dc95eb80572",1.0,"voucher",1.0,85.24
"132f1e724165a07f6362532bfb97486e",1.0,"credit_card",5.0,179.46
"ca29aec188eb04a764fce98c6f69232c",1.0,"credit_card",1.0,168.35
"9e8d7ab8137bcd3cfeac577dddf35592",2.0,"voucher",1.0,100.0
"12788af294f51dd5ba2aaed208a45969",1.0,"credit_card",1.0,77.89
"b0b61472cd1ff0e9f1450c6ae4c8d5a4",1.0,"credit_card",1.0,99.43
"63c5f492ab4ee6c249acbb4cff61ae3f",1.0,"credit_card",1.0,407.9
"8ca5bdac5ebe8f2d6fc9171d5ebc906a",3.0,"voucher",1.0,15.0
"6c98fa39891b33399785aeac3d7ee926",1.0,"credit_card",2.0,424.04
"25d919c7187a3f82b5437023a5e98e46",1.0,"credit_card",3.0,157.2
"7dbdda97c8aa87c003f73602c45e4f90",1.0,"credit_card",4.0,162.03
"88c9df242e26c36482168acfc3d250dc",1.0,"credit_card",8.0,188.5
"6bf0f652ea13e6773172c1899a925bb4",1.0,"credit_card",1.0,65.47
"99e34b586d1fa26ea713021ff647d18d",1.0,"credit_card",1.0,39.42
"c74e4862507efb811471cd922e6f3529",1.0,"credit_card",5.0,365.32
"710770cfb61b2c43a091ab2c7b89a921",1.0,"credit_card",6.0,65.11
"73c21d26eefa3d24be02a149b9e69017",1.0,"credit_card",10.0,188.34
"df339f81c46dc0bf186cb6307d7cdb6a",1.0,"boleto",1.0,35.4
"6eea8cd99d26a8bbdf39d5289e4e7601",1.0,"credit_card",10.0,590.72
"3ca411651463b3a30f194126a1d6fda6",1.0,"boleto",1.0,36.75
"1475652ad485c6469bd02393c70fdaa9",1.0,"credit_card",2.0,81.73
"8c53283eca3bc0e603a48f2b8725e96f",1.0,"credit_card",1.0,17.86
"3615e42c9ff6c0d9bb86e14c6670d965",1.0,"boleto",1.0,108.97
"205587440f824c5e5d7bc3bccb63aa15",1.0,"credit_card",10.0,569.66
"cf4eff954b06c19d96be7d6792a1da3c",1.0,"credit_card",4.0,48.13
"a6e963c11e80432334e984ead4797a8b",1.0,"credit_card",2.0,63.1
"5718fc130d653929872f0481438d3f66",1.0,"boleto",1.0,39.42
"ac033ca6c43caa50310de844a7868c8e",1.0,"boleto",1.0,74.03
"f03c93c7441f0edaa7987c4313467110",1.0,"boleto",1.0,66.78
"524ea0422eabccf15e4af385f6b153d6",1.0,"credit_card",1.0,36.59
"dbcb89699a4736bcef1373eb9d8ae5d1",1.0,"credit_card",5.0,272.64
"6365be88d51d66dbac002c738a56bae9",1.0,"credit_card",1.0,64.34
"262509218257310f675994ae58ffbfa9",1.0,"boleto",1.0,49.05
"67976860fdf683e7bdb13c4f907a982e",1.0,"credit_card",7.0,163.69
"1295db8c216f7ff7a2c02a66b4cb5d5e",1.0,"credit_card",6.0,443.85
"2d824bac66ec7467745b2defcee22c1e",1.0,"credit_card",6.0,165.31
"e41e5861711a10524b80a63d022ae776",1.0,"credit_card",10.0,1180.51
"d21873cfa21e689e4dbfd43a99326424",1.0,"credit_card",1.0,706.84
"4a686b47e7eecbd136617bf8ae7c9af4",2.0,"voucher",1.0,20.0
"76c025e93388599ae9e136363ee1c00b",1.0,"credit_card",1.0,135.97
"30bf87367ed2e63f68bfb5aacdae279b",1.0,"credit_card",1.0,56.99
"081e5884f403fbe66f3bce77c72c9230",1.0,"credit_card",1.0,43.58
"aa4cb17e191453bc29e2d1f67f38a4ab",1.0,"credit_card",4.0,48.15
"76978d31d8e911d947c1c80c193e116d",1.0,"credit_card",1.0,76.87
"0b365bbd59e2f75bea276c81bb916dcb",1.0,"credit_card",1.0,2.78
"6e60346a3ee3876c1e4bc89c597ffcb8",1.0,"credit_card",2.0,123.59
"c1d8546e6ed294dea3203910c9b0e7b5",1.0,"boleto",1.0,128.07
"055f84fd2ebf314ebec85f8e1312f4f4",1.0,"credit_card",2.0,185.84
"3d965a3a3a9aae822a8f40ddf0184df1",1.0,"credit_card",1.0,85.81
"42ee4f991900767ba353278c7c4f4df3",1.0,"credit_card",1.0,149.54
"ceddc11f4f78257d0fa6750091d378b4",1.0,"credit_card",1.0,32.38
"7b8ad11294a3f23e9695000ab5f07a42",1.0,"credit_card",1.0,23.38
"b9d5bea267e1dd6838786cc12ba40ceb",1.0,"credit_card",1.0,98.86
"de43e0e00259ee7b44c7a11e9b5d114f",1.0,"credit_card",8.0,124.21
"3c608a571543f2f2b96f2e6cb3a2d10a",1.0,"credit_card",6.0,191.58
